record_id,prompt_id,model_name,generator_model,temperature,repeat,judge_model,c1,c2,c3,c4,c5,c6,c7,c8,c9,c10,D,D_norm,stability_tier,output_text,prompt_text,notes,error,timestamp_utc
cmp_p1__deepseek-chat__t0.3__r1,cmp_p1,deepseek/deepseek-chat,deepseek/deepseek-chat,0.3,1,deepseek/deepseek-chat,1.0,1.0,1.0,1.0,1.0,1.0,0.9,1.0,1.0,1.0,0.1,0.01,S0,"Iron melts at a temperature of **1,538°C (2,800°F)**. The melting point of a metal is determined by the strength of the metallic bonds between its atoms. These bonds are influenced by several factors:

1. **Atomic Structure**: The arrangement of atoms and the type of bonding (metallic, covalent, ionic) play a significant role. Metals with stronger metallic bonds require more energy to break, resulting in higher melting points.

2. **Electron Configuration**: The number of valence electrons and how they are shared or delocalized affects bond strength. Metals with more delocalized electrons tend to have stronger bonds and higher melting points.

3. **Atomic Size**: Smaller atoms can pack more closely together, leading to stronger bonds and higher melting points compared to larger atoms.

4. **Crystal Structure**: The way atoms are arranged in the solid state (e.g., face-centered cubic, body-centered cubic) influences the melting point. Some structures are more stable and require more energy to disrupt.

5. **Impurities and Alloys**: The presence of impurities or the formation of alloys can alter the melting point. Alloys often have different melting points than their constituent pure metals.

For example, tungsten has a very high melting point (3,422°C) due to its strong metallic bonds and compact atomic structure, while mercury has a very low melting point (-38.83°C) because of its weak metallic bonds and larger atomic size.","At what temperature does iron melt, and what determines why different metals melt at different temperatures?",,,2026-04-27T15:25:46.241854+00:00
cmp_p1__deepseek-chat__t0.9__r1,cmp_p1,deepseek/deepseek-chat,deepseek/deepseek-chat,0.9,1,deepseek/deepseek-chat,1.0,1.0,0.9,0.9,1.0,1.0,0.8,1.0,0.9,0.9,0.6,0.06,S0,"The **melting point of pure iron** is **1538°C (2800°F)**. However, this can vary slightly depending on impurities and alloying elements.

### **Why Do Different Metals Have Different Melting Points?**  
The melting point of a metal depends on several key factors related to atomic structure and bonding:

1. **Metallic Bond Strength**  
   - Metals with **stronger metallic bonds** (due to more valence electrons and smaller atomic radii) require more energy to break, leading to higher melting points.  
   - Example: **Tungsten (3422°C)** has very strong bonds due to many delocalized electrons and small atomic size.  

2. **Atomic Packing & Crystal Structure**  
   - Metals with **close-packed structures** (e.g., FCC, HCP) often have higher melting points than those with less efficient packing (e.g., BCC, like iron).  
   - Example: **Nickel (1455°C, FCC)** vs. **Iron (1538°C, BCC)**—despite BCC iron having a higher melting point, FCC metals like nickel generally have better packing efficiency.  

3. **Electron Configuration & Valence Electrons**  
   - More **delocalized electrons** (e.g., transition metals) increase bond strength and melting point.  
   - Example: **Aluminum (660°C, 3 valence electrons)** vs. **Chromium (1907°C, 6 valence electrons)**.  

4. **Atomic Size & Mass**  
   - Smaller, lighter atoms (e.g., **Titanium, 1668°C**) tend to have higher melting points than larger, heavier ones (e.g., **Lead, 327°C**).  

5. **Alloying & Impurities**  
   - Adding other elements can **raise or lower** melting points by disrupting the crystal lattice.  
   - Example: **Stainless steel (varies by composition)** has a different melting range than pure iron.  

### **Summary**  
Iron melts at **1538°C**, but different metals melt at different temperatures due to variations in **bond strength, atomic structure, electron configuration, and atomic size**. Stronger bonds and efficient atomic packing lead to higher melting points.","At what temperature does iron melt, and what determines why different metals melt at different temperatures?",,,2026-04-27T15:26:03.847666+00:00
cmp_p1__free__t0.3__r1,cmp_p1,openrouter/free,openrouter/free,0.3,1,deepseek/deepseek-chat,1.0,1.0,1.0,1.0,1.0,1.0,0.9,1.0,1.0,1.0,0.1,0.01,S0,"Okay, let's break down the melting point of iron and then delve into why metals melt at different temperatures.

**1. Melting Point of Iron**

*   **Pure Iron:** The melting point of pure iron (Fe) is **1538 °C (2800 °F or 1811 K)**.  This is a fairly high melting point.
*   **Steel (Iron Alloys):**  Steel, which is an alloy of iron and carbon (and often other elements), has a melting range rather than a single melting point. The melting point of steel varies depending on its composition. Generally, it's between **1370 °C and 1540 °C (2500 °F and 2800 °F)**.  The addition of carbon and other elements disrupts the iron's crystal structure, making it melt over a range of temperatures.

**2. Why Metals Melt at Different Temperatures: The Underlying Science**

The melting point of a metal (or any substance) is the temperature at which it transitions from a solid state to a liquid state. This transition is fundamentally about overcoming the forces holding the atoms or molecules together in the solid. Here's a breakdown of the key factors:

*   **Interatomic/Intermolecular Forces:** This is the *biggest* factor.
    *   **Metallic Bonding:** Metals are held together by metallic bonds.  These bonds are formed by the sharing of electrons within a ""sea"" of electrons that surrounds positively charged metal ions. The strength of these bonds varies significantly between different metals.
    *   **Strength of Metallic Bonds:** The strength of metallic bonds is influenced by:
        *   **Number of Valence Electrons:**  Metals with more valence electrons (electrons in the outermost shell) generally have stronger metallic bonds.  More electrons contributing to the ""sea"" means a stronger attraction and thus a higher melting point.  For example, elements in groups 6 and 7 of the periodic table (like tungsten, W, with 6 valence electrons) tend to have very high melting points.
        *   **Atomic Size/Radius:** Smaller atoms generally have stronger metallic bonds.  When atoms are closer together, the attraction between the positive ions and the electron sea is greater.
        *   **Nuclear Charge:** A higher nuclear charge (more protons in the nucleus) increases the attraction for the valence electrons, strengthening the bond.
*   **Crystal Structure:**
    *   **Packing Efficiency:** The way atoms are arranged in the solid (the crystal structure) affects the strength of the interactions.  More efficient packing (atoms closer together) generally leads to stronger bonds and higher melting points.  Different metals have different crystal structures (e.g., face-centered cubic, body-centered cubic, hexagonal close-packed).
*   **Alloying:**
    *   **Disruption of Crystal Lattice:** As mentioned with steel, alloying (mixing metals) significantly affects melting points.  The added atoms disrupt the regular crystal lattice of the pure metal. This disruption weakens the overall bonding and often results in a *melting range* rather than a sharp melting point.
    *   **Solid Solutions:**  If the alloying elements dissolve into the crystal structure of the base metal (forming a solid solution), the melting point can be altered.  The effect depends on the size difference and chemical properties of the alloying elements.
*   **Electron Configuration:**
    *   **d-band Filling:**  For transition metals (the elements in the middle of the periodic table), the filling of the *d* electron orbitals plays a crucial role.  Partially filled *d* orbitals can lead to stronger metallic bonding due to increased electron density and interactions. This is why many transition metals have relatively high melting points.

**Examples to Illustrate the Trends:**

*   **Mercury (Hg):**  Melting point -38.83 °C (-37.89 °F). Mercury has a very weak metallic bonding due to its electron configuration and relatively large atomic size.
*   **Sodium (Na):** Melting point 97.79 °C (208.02 °F). Sodium has only one valence electron, resulting in weaker metallic bonding.
*   **Tungsten (W):** Melting point 3422 °C (6192 °F). Tungsten has six valence electrons and a strong metallic bond, leading to an extremely high melting point.
*   **Gold (Au):** Melting point 1064 °C (1947 °F). Gold has a relatively high melting point for a transition metal, but it's lower than tungsten due to its larger atomic size and the way its electrons are distributed.



**In Summary:**

The melting point of a metal is a complex property determined by the strength of its metallic bonds, which in turn is influenced by the number of valence electrons, atomic size, crystal structure, and electron configuration. Alloying further complicates the picture by disrupting the crystal lattice and altering the bonding.","At what temperature does iron melt, and what determines why different metals melt at different temperatures?",,,2026-04-27T15:27:01.848828+00:00
cmp_p1__free__t0.9__r1,cmp_p1,openrouter/free,openrouter/free,0.9,1,deepseek/deepseek-chat,1.0,1.0,1.0,1.0,1.0,1.0,0.9,1.0,1.0,1.0,0.1,0.01,S0,"Okay, let's break down the melting point of iron and then delve into why metals melt at different temperatures.

**1. Melting Point of Iron**

*   **Pure Iron:** The melting point of pure iron (Fe) is **1538 °C (2800 °F or 1811 K)**.  This is a fairly high melting point.
*   **Steel (Iron Alloys):**  Steel, which is an alloy of iron and carbon (and often other elements), has a melting range rather than a single melting point.  The melting point of steel varies depending on its composition. Generally, it's between **1370 °C and 1540 °C (2500 °F and 2800 °F)**.  Adding other elements like chromium, nickel, or manganese further alters the melting range.

**2. Why Metals Melt at Different Temperatures: The Underlying Science**

The melting point of a metal (or any substance) is the temperature at which it transitions from a solid state to a liquid state. This transition is fundamentally about overcoming the forces holding the atoms or molecules together in the solid. Here's a breakdown of the key factors:

*   **Metallic Bonding:**  Metals are held together by *metallic bonding*. This is a unique type of bonding where valence electrons (outermost electrons) are delocalized – they aren't tied to individual atoms but form a ""sea"" of electrons that move freely throughout the metal's structure.  This electron sea provides strong attractive forces between the positive metal ions and the negative electrons.
*   **Strength of Metallic Bonding:** The strength of metallic bonding is the *primary* determinant of melting point.  Stronger bonding means a higher temperature is needed to break those bonds and allow the metal to flow. Several factors influence the strength of metallic bonding:
    *   **Number of Valence Electrons:**  Metals with more valence electrons generally have stronger metallic bonding.  More electrons in the ""sea"" mean more attractive forces.  For example, elements in Group 12 (Zinc, Cadmium, Mercury) have more valence electrons than Group 1 (Alkali Metals) and therefore generally have higher melting points.
    *   **Atomic Size/Radius:** Smaller atoms generally have stronger metallic bonding.  When atoms are closer together, the positive charge of the nucleus is more effectively shielded by the electrons, leading to a stronger attraction.  Think of it like this: the electron sea is closer to the positive ions, increasing the electrostatic force.
    *   **Nuclear Charge:**  A higher nuclear charge (more protons in the nucleus) increases the attraction between the nucleus and the valence electrons, strengthening the metallic bond.
*   **Crystal Structure:** The way atoms are arranged in the solid (the crystal structure) also plays a role.  Some crystal structures are more efficient in packing atoms, leading to stronger interactions and higher melting points.
    *   **Close-Packed Structures (FCC & HCP):**  Face-centered cubic (FCC) and hexagonal close-packed (HCP) structures are very efficient at packing atoms, generally resulting in higher melting points compared to body-centered cubic (BCC).
*   **Alloying:**  When you mix different metals to form an alloy (like steel), you disrupt the regular crystal structure. This disruption *weakens* the metallic bonding overall, typically *lowering* the melting point compared to the pure metals.  The melting point of an alloy is rarely a simple average of the melting points of the constituent metals; it's a complex function of the alloy's composition and structure.
*   **Other Factors (Less Significant):**
    *   **Electron Band Structure:**  The electronic band structure of a metal (a more advanced concept in solid-state physics) can also influence melting point, but it's usually a secondary factor compared to the ones listed above.

**Examples to Illustrate the Trends**

*   **Alkali Metals (Li, Na, K, Rb, Cs):** These have only one valence electron and large atomic sizes. They have very weak metallic bonding and therefore *low* melting points (e.g., Lithium melts at 180.5 °C).
*   **Transition Metals (Fe, Ni, Cr, etc.):**  These have more valence electrons and often form more complex crystal structures, leading to *higher* melting points (e.g., Tungsten (W) has an incredibly high melting point of 3422 °C).
*   **Mercury (Hg):**  Mercury is an exception. It has a relatively low melting point (-38.83 °C) despite being a transition metal. This is due to its filled *d* orbitals, which lead to weaker metallic bonding and relativistic effects on its electrons.



**In summary:** The melting point of a metal is primarily determined by the strength of its metallic bonding, which is influenced by the number of valence electrons, atomic size, nuclear charge, and crystal structure. Alloying generally weakens the bonding and lowers the melting point.","At what temperature does iron melt, and what determines why different metals melt at different temperatures?",,,2026-04-27T15:27:58.531878+00:00
cmp_p2__deepseek-chat__t0.3__r1,cmp_p2,deepseek/deepseek-chat,deepseek/deepseek-chat,0.3,1,deepseek/deepseek-chat,1.0,1.0,1.0,1.0,1.0,1.0,0.9,1.0,1.0,1.0,0.1,0.01,S0,"Let's break down the given statements and the conclusion step by step.

1. **Premise 1:** All mammals breathe air.
   - This means that if something is a mammal, then it breathes air. In logical terms: ""If X is a mammal, then X breathes air.""

2. **Premise 2:** Whales are mammals.
   - This means that whales fall under the category of mammals. 

3. **Conclusion:** What must be true about whales?
   - From Premise 1, we know that all mammals breathe air. From Premise 2, we know that whales are mammals. Therefore, we can substitute ""whales"" into the general statement about mammals:
     - ""If whales are mammals, then whales breathe air.""
   - Since we know whales are mammals (Premise 2), it must be true that whales breathe air.

### Final Answer:
Whales must breathe air. This is because all mammals breathe air, and whales are mammals. Therefore, by definition, whales breathe air. 

### Additional Note:
This might seem counterintuitive because whales live in water, but they are air-breathing mammals that must surface to breathe air through their blowholes, unlike fish which extract oxygen from water through gills. This is one of the key characteristics that classify whales as mammals.","If all mammals breathe air, and whales are mammals, what must be true about whales? Explain your reasoning.",,,2026-04-27T15:28:10.938750+00:00
cmp_p2__deepseek-chat__t0.9__r1,cmp_p2,deepseek/deepseek-chat,deepseek/deepseek-chat,0.9,1,deepseek/deepseek-chat,1.0,1.0,1.0,1.0,1.0,1.0,1.0,1.0,1.0,1.0,0.0,0.0,S0,"Alright, let's tackle this problem step by step. I'm going to break it down to understand what's being asked and how to arrive at the correct conclusion.

### Understanding the Given Information

We have two premises:

1. **All mammals breathe air.**
2. **Whales are mammals.**

And the question is: **What must be true about whales?**

### Breaking Down the Premises

**Premise 1: All mammals breathe air.**

This is a universal statement. It means that if something is a mammal, then it breathes air. There are no exceptions mentioned here. In logical terms, we can represent this as:

- If X is a mammal, then X breathes air.

**Premise 2: Whales are mammals.**

This tells us that whales belong to the category of mammals. So, in our representation:

- Whales are a subset of mammals.

### Applying the Premises

Now, we need to see what follows from these two premises. 

From Premise 1, every member of the set ""mammals"" has the property ""breathes air."" 

From Premise 2, whales are inside the set ""mammals.""

Therefore, since whales are within the set of mammals, and all mammals breathe air, it must be that whales breathe air.

### Potential Confusions or Missteps

At this point, one might wonder about whales living in water. Don't they breathe water like fish? That's a common misconception. 

Actually, whales are marine mammals, and like all mammals, they breathe air. They have lungs, not gills, and must come to the surface to breathe air through their blowholes. This is a key distinction between whales (mammals) and fish (which have gills and extract oxygen from water).

So, even though whales live in water, they don't extract oxygen from water like fish do; they breathe air just like land mammals.

### Logical Structure

Let's look at this from a purely logical perspective using syllogism, a form of reasoning where a conclusion is drawn from two given or assumed propositions (premises).

1. All mammals breathe air. (Major premise)
2. Whales are mammals. (Minor premise)
3. Therefore, whales breathe air. (Conclusion)

This is a classic example of a valid syllogism where the conclusion necessarily follows from the premises.

### Verifying the Conclusion

Is there any way the premises could be true, and the conclusion false? Let's check:

- If all mammals breathe air (true), and whales are mammals (true), then whales must breathe air. There's no scenario where whales wouldn't breathe air given these premises. 

Even if we think about exceptions in the real world (like some mammals having adaptations for aquatic life), the general statement holds unless specified otherwise. But in this case, the premise is absolute: ""all mammals breathe air,"" so no exceptions are allowed within this logical framework.

### Real-world Knowledge Integration

From biological knowledge:

- Mammals are a class of animals characterized by having mammary glands, hair or fur, and typically giving birth to live young (with few exceptions like monotremes that lay eggs).
- All mammals have lungs and breathe air, regardless of their habitat (land, water, or air).
  
Whales, dolphins, and porpoises are cetaceans, a group of marine mammals. They:

- Have lungs.
- Must surface to breathe air through blowholes (modified nostrils on top of their heads).
- Cannot breathe underwater like fish; they hold their breath while submerged.

This aligns perfectly with our logical conclusion.

### Addressing Counterarguments

Someone might argue: ""But whales live underwater; how can they breathe air?"" 

This is where understanding the difference between breathing and habitat is crucial. Breathing refers to the method of obtaining oxygen, not the medium in which the animal lives. 

- Fish: live in water, extract oxygen from water using gills.
- Whales: live in water, extract oxygen from air using lungs, hence must come to the surface to breathe.

Therefore, the habitat doesn't change the method of respiration in this context.

### Finalizing the Answer

Given that:

1. All mammals breathe air.
2. Whales are mammals.

It necessarily follows that:

**Whales breathe air.**

### Step-by-Step Summary

1. Identify the premises:
   - All mammals breathe air.
   - Whales are mammals.
2. Recognize that ""all mammals"" includes every member of the mammal category without exception.
3. Since whales are members of the mammal category, they must possess the properties that all mammals have.
4. One of these properties is breathing air.
5. Therefore, whales breathe air.
6. Confirm with biological facts that whales, despite being aquatic, breathe air through lungs.
7. Conclude that the statement ""whales breathe air"" must be true based on the given premises.

### Final Answer

Given that all mammals breathe air and whales are mammals, it must be true that **whales breathe air**. 

This is because the category ""mammals"" includes the property of breathing air, and since whales are within this category, they inherently possess this property. Despite living in water, whales are air-breathing mammals that surface to breathe through their blowholes.","If all mammals breathe air, and whales are mammals, what must be true about whales? Explain your reasoning.",,,2026-04-27T15:29:07.315899+00:00
cmp_p2__free__t0.3__r1,cmp_p2,openrouter/free,openrouter/free,0.3,1,deepseek/deepseek-chat,1.0,1.0,1.0,1.0,1.0,1.0,1.0,1.0,1.0,1.0,0.0,0.0,S0,"Whales must breathe air.

**Reasoning:**  
The statement ""all mammals breathe air"" is a universal claim: every creature that is a mammal has the property of breathing air. The second statement ""whales are mammals"" places whales within the category of mammals. By deductive logic (specifically, universal instantiation and modus ponens), whatever is true of all mammals must be true of any particular mammal, including whales. Therefore, since all mammals breathe air, and whales are mammals, whales necessarily breathe air. This is a classic categorical syllogism:  
- All M are A.  
- W is M.  
- Therefore, W is A.  

If the premises are accepted as true, the conclusion cannot be false.","If all mammals breathe air, and whales are mammals, what must be true about whales? Explain your reasoning.",,,2026-04-27T15:29:46.222779+00:00
cmp_p2__free__t0.9__r1,cmp_p2,openrouter/free,openrouter/free,0.9,1,deepseek/deepseek-chat,1.0,1.0,1.0,1.0,1.0,1.0,1.0,1.0,1.0,1.0,0.0,0.0,S0,"Here's the reasoning:

* **Premise 1:** All mammals breathe air. (This is a general statement about a category – mammals.)
* **Premise 2:** Whales are mammals. (This places whales *within* that category.)

Because whales are part of the group ""mammals,"" and *all* members of that group breathe air, then whales **must breathe air**. 

This is an example of **deductive reasoning**.  If the premises are true, the conclusion *must* also be true. It's a logical certainty.","If all mammals breathe air, and whales are mammals, what must be true about whales? Explain your reasoning.",,,2026-04-27T15:30:17.949706+00:00
cmp_p3__deepseek-chat__t0.3__r1,cmp_p3,deepseek/deepseek-chat,deepseek/deepseek-chat,0.3,1,deepseek/deepseek-chat,0.9,0.95,0.85,0.9,0.85,0.95,0.8,0.9,0.8,0.85,1.25,0.125,S1,"The relationship between sugar consumption and type 2 diabetes (T2D) is complex and indirect. While eating sugar does not *directly* cause T2D, excessive sugar intake can contribute to the development of the disease through a series of metabolic and physiological changes. Here’s the causal chain:

### **1. Excessive Sugar Intake Leads to Weight Gain and Obesity**  
- Sugar, especially in the form of fructose (found in high-fructose corn syrup and sucrose), is calorie-dense and can contribute to overconsumption of calories.  
- Liquid sugars (e.g., sodas, sweetened beverages) are particularly problematic because they do not trigger satiety signals as effectively as solid foods.  
- Over time, excess calorie intake leads to weight gain and obesity, a major risk factor for insulin resistance.

### **2. Obesity and Fat Accumulation Promote Insulin Resistance**  
- Excess body fat, particularly visceral fat (around organs), releases inflammatory cytokines (e.g., TNF-α, IL-6) and free fatty acids.  
- These substances interfere with insulin signaling in muscle, liver, and fat cells, making them less responsive to insulin (insulin resistance).  
- The pancreas compensates by producing more insulin (hyperinsulinemia), but over time, this leads to **beta-cell exhaustion**.

### **3. Insulin Resistance Leads to Hyperglycemia and T2D**  
- As insulin resistance worsens, the pancreas can no longer keep up with the body’s demand for insulin.  
- Blood glucose levels rise (hyperglycemia), leading to prediabetes and eventually T2D.  
- Chronic high sugar intake may also contribute to **fatty liver disease**, which further exacerbates insulin resistance.

### **4. Additional Mechanisms Linking Sugar to T2D Risk**  
- **Fructose metabolism**: Unlike glucose, fructose is primarily metabolized in the liver, where it can promote fat accumulation (lipogenesis) and worsen insulin resistance.  
- **Gut microbiome disruption**: High sugar intake may alter gut bacteria, contributing to metabolic dysfunction.  
- **Inflammation**: Sugar can promote oxidative stress and low-grade inflammation, worsening insulin resistance.  

### **Conclusion: Sugar Is a Contributing Factor, Not a Direct Cause**  
- **Direct cause? No** – T2D is caused by a combination of genetic, lifestyle, and metabolic factors.  
- **Major contributor? Yes** – Excessive sugar intake (especially from sugary drinks and processed foods) increases obesity and insulin resistance risk, which are key drivers of T2D.  

### **Key Takeaways**  
- **Moderate sugar intake** (within recommended limits) is unlikely to cause T2D alone.  
- **Chronic overconsumption** (especially refined sugars and sugary drinks) significantly raises risk through obesity and metabolic dysfunction.  
- **Prevention** involves maintaining a healthy weight, exercising, and eating a balanced diet low in added sugars.  

Would you like references to studies supporting these mechanisms?",Does eating sugar directly cause type 2 diabetes? Explain the causal chain carefully.,,,2026-04-27T15:30:40.304385+00:00
cmp_p3__deepseek-chat__t0.9__r1,cmp_p3,deepseek/deepseek-chat,deepseek/deepseek-chat,0.9,1,deepseek/deepseek-chat,0.9,0.9,0.9,0.8,0.8,0.8,0.7,0.8,0.7,0.8,1.9,0.19,S1,"Eating sugar does not *directly* cause type 2 diabetes, but excessive sugar consumption over time can contribute to its development through a complex causal chain. Here’s how the process works:

### **1. Excess Sugar Intake Leads to Weight Gain and Obesity**  
- When you consume more sugar (especially refined sugars like sucrose and high-fructose corn syrup) than your body needs, the excess is converted into fat in the liver (via *de novo lipogenesis*).  
- Over time, this contributes to weight gain, particularly visceral fat (fat around organs), which is strongly linked to insulin resistance.  

### **2. Insulin Resistance Develops**  
- High sugar intake (especially fructose) can lead to:  
  - **Fatty liver disease** – Excess fructose is metabolized in the liver, increasing fat storage and impairing insulin signaling.  
  - **Chronic inflammation** – Fat cells release inflammatory cytokines (like TNF-α and IL-6), which interfere with insulin receptors.  
  - **Pancreatic stress** – The pancreas must produce more insulin to overcome resistance, leading to beta-cell exhaustion over time.  

### **3. Hyperinsulinemia and Beta-Cell Dysfunction**  
- Initially, the pancreas compensates for insulin resistance by secreting more insulin (*hyperinsulinemia*).  
- Eventually, beta cells become exhausted and fail to produce enough insulin, leading to **impaired glucose tolerance** and **rising blood sugar levels**.  

### **4. Diagnosis of Type 2 Diabetes**  
- When fasting blood glucose consistently exceeds 126 mg/dL (7.0 mmol/L) or HbA1c is ≥6.5%, type 2 diabetes is diagnosed.  

### **Key Clarifications**  
- **Sugar alone is not the sole cause** – Genetics, sedentary lifestyle, and overall diet quality (e.g., low fiber, high processed carbs) also play major roles.  
- **Fructose vs. Glucose** – Fructose (in sugary drinks, sweets) is more likely to cause liver fat accumulation than glucose.  
- **Natural vs. Added Sugars** – Fruits contain fiber and nutrients that slow sugar absorption, whereas sugary drinks spike blood glucose rapidly.  

### **Conclusion**  
While sugar does not *directly* cause diabetes, chronic overconsumption (especially from sugary drinks and processed foods) promotes obesity, insulin resistance, and pancreatic dysfunction—key drivers of type 2 diabetes. Reducing added sugars and maintaining a balanced diet can significantly lower risk.  

Would you like studies or dietary recommendations to mitigate risk?",Does eating sugar directly cause type 2 diabetes? Explain the causal chain carefully.,,,2026-04-27T15:30:59.822845+00:00
cmp_p3__free__t0.3__r1,cmp_p3,openrouter/free,openrouter/free,0.3,1,deepseek/deepseek-chat,0.9,0.95,0.9,0.85,0.9,0.95,0.85,0.8,0.85,0.9,1.15,0.115,S1,"The relationship between sugar consumption and type 2 diabetes is complex and not a direct cause-and-effect relationship. Instead, it involves a series of interconnected factors that contribute to the development of the condition. Here's a careful explanation of the causal chain:

### 1. **Excessive Sugar Intake and Caloric Surplus**  
   - **Step 1:** Consuming large amounts of sugar, particularly added sugars (e.g., in sugary drinks, sweets, or processed foods), increases total caloric intake.  
   - **Step 2:** If this excess energy is not balanced by physical activity, it can lead to weight gain or obesity.  
   - **Step 3:** Obesity is a major risk factor for type 2 diabetes, as excess body fat (especially visceral fat) disrupts metabolic processes.

### 2. **Weight Gain and Insulin Resistance**  
   - **Step 4:** Excess body fat, particularly around the abdomen, releases inflammatory molecules and hormones (e.g., leptin, adiponectin) that interfere with insulin signaling.  
   - **Step 5:** This leads to **insulin resistance**, where the body’s cells become less responsive to insulin. Insulin is a hormone that helps cells absorb glucose from the bloodstream.  
   - **Step 6:** Over time, the pancreas may struggle to produce enough insulin to compensate, leading to elevated blood sugar levels.

### 3. **Direct Metabolic Effects of Sugar**  
   - **Step 7:** Even without weight gain, high sugar intake (especially fructose) can directly impact the liver. The liver converts excess fructose into fat, contributing to **non-alcoholic fatty liver disease (NAFLD)**.  
   - **Step 8:** NAFLD is associated with insulin resistance and increased risk of type 2 diabetes.  
   - **Step 9:** High sugar consumption may also promote **chronic low-grade inflammation** and oxidative stress, which further impair insulin sensitivity.

### 4. **Other Contributing Factors**  
   - **Genetics:** Family history plays a role in susceptibility to type 2 diabetes.  
   - **Physical inactivity:** Lack of exercise exacerbates insulin resistance.  
   - **Dietary patterns:** A diet high in refined carbohydrates and low in fiber can worsen metabolic health.  
   - **Age and lifestyle:** Aging and sedentary habits increase risk.

### 5. **Conclusion: Correlation vs. Causation**  
   - While **excessive sugar consumption is a significant risk factor**, it does not directly cause type 2 diabetes on its own. The condition arises from a combination of factors, including genetics, lifestyle, and metabolic health.  
   - However, reducing sugar intake (especially added sugars) is a key preventive measure, as it helps mitigate weight gain, insulin resistance, and related metabolic dysfunctions.

### Key Takeaway:  
Sugar is not the sole cause of type 2 diabetes, but it contributes to the metabolic pathways that increase risk. The causal chain involves sugar intake → caloric excess → weight gain → insulin resistance → type 2 diabetes, with additional direct metabolic effects. A holistic approach to diet, exercise, and health is essential for prevention.",Does eating sugar directly cause type 2 diabetes? Explain the causal chain carefully.,,,2026-04-27T15:31:46.620309+00:00
cmp_p3__free__t0.9__r1,cmp_p3,openrouter/free,openrouter/free,0.9,1,deepseek/deepseek-chat,0.9,0.95,0.9,0.85,0.9,0.85,0.9,0.8,0.85,0.9,1.2,0.12,S1,"The relationship between sugar consumption and type 2 diabetes involves a **complex interplay of metabolic processes**, not a direct ""cause-and-effect"" relationship in isolation. Here’s a step-by-step explanation of the causal chain, grounded in medical evidence:

### Causal Chain: Sugar Consumption → Metabolic Impact → Increased Risk
1. **Direct Metabolic Impact**:  
   Consuming high-sugar foods rapidly elevates blood glucose levels (blood sugar). While glucose enters the bloodstream instantly, the body often requires insulin to manage this sudden spike. Chronic high blood sugar over time can strain insulin-producing cells.

2. **Insulin Resistance**:  
   Repeated glucose spikes can lead to **insulin resistance**—pancreas cells become less responsive to insulin. Insulin normally facilitates glucose uptake into cells. Resistance means muscles and liver cells can’t efficiently absorb glucose, forcing the pancreas to produce more insulin (β-cell dysfunction).

3. **Weight Gain & Obesity**:  
   Excess calorie intake from sugary foods often results in weight gain. Obesity is a major independent risk factor for type 2 diabetes due to excess visceral fat, which sequesters insulin and causes systemic inflammation.

4. **Lipid Dysregulation**:  
   High sugar intake promotes fat storage (especially abdominal fat), increasing triglyceride levels and reducing HDL (""good"") cholesterol. This contributes to **dyslipidemia**, a hallmark of metabolic syndrome linked to diabetes risk.

5. **Cellular Damage & Inflammation**:  
   Chronic hyperglycemia triggers inflammation in tissues (e.g., pancreas, liver). It also impairs cellular function in muscle and immune cells, exacerbating insulin resistance.

6. **Long-Term Risk Amplification**:  
   Over years, these factors lead to progressive insulin resistance, progressing toward type 2 diabetes. However, this is **not a direct causation**—it’s a cumulative result of genetic, environmental, and behavioral factors (including sugar intake) interacting with other elements (obesity, inactivity).

### Important Nuances:
- **Not Universal Cause**: While sugar contributes, diabetes is multifactorial. Genetics, diet quality (e.g., adding fats/saturated calories), sleep, and exercise also play critical roles.
- **Correlation ≠ Causation**: A person might eat high sugar but maintain healthy weight and avoid diabetes due to other compensatory mechanisms (e.g., exercise, genetics).
- **Excessive vs. Moderate Sugar**: Acute sugar intake doesn’t cause chronic diabetes; sustained high intake disrupts metabolism.
- **Individual Variability**: Sensitivity varies; some populations (e.g., those with pre-diabetes) may respond differently.

### Conclusion:
Eating sugar **exacerbates** the risk of type 2 diabetes by contributing to metabolic dysregulation—but it is rarely the sole driver. The causal chain emphasizes **long-term exposure** leading to insulin resistance and obesity, acting synergistically with other lifestyle factors. Consulting healthcare providers for personalized risk assessment is key. Always prioritize balanced nutrition to support metabolic health.",Does eating sugar directly cause type 2 diabetes? Explain the causal chain carefully.,,,2026-04-27T15:32:05.963722+00:00
cmp_p4__deepseek-chat__t0.3__r1,cmp_p4,deepseek/deepseek-chat,deepseek/deepseek-chat,0.3,1,deepseek/deepseek-chat,0.9,0.9,0.8,0.8,0.9,0.8,0.9,0.7,0.8,0.9,1.6,0.16,S1,"Establishing a permanent base on the Moon within 15 years is an ambitious goal, but there are several factors to consider when assessing the likelihood of this achievement:

### 1. **Current Progress and Plans**
   - **NASA's Artemis Program**: NASA aims to return humans to the Moon by the mid-2020s, with the goal of establishing a sustainable presence by the end of the decade. Artemis includes plans for the Lunar Gateway (a space station orbiting the Moon) and lunar surface missions.
   - **International Collaboration**: Agencies like ESA (European Space Agency), JAXA (Japan Aerospace Exploration Agency), and CSA (Canadian Space Agency) are contributing to Artemis, enhancing the program's resources and expertise.
   - **Private Sector Involvement**: Companies like SpaceX, Blue Origin, and others are developing technologies (e.g., lunar landers, habitats) that could accelerate progress.

### 2. **Technological Challenges**
   - **Life Support Systems**: Developing reliable systems for air, water, and waste management is critical for long-term habitation.
   - **Radiation Protection**: The Moon lacks a protective atmosphere, so shielding astronauts from cosmic radiation is a major challenge.
   - **Energy Supply**: Sustaining a base will require efficient energy sources, likely solar power or nuclear systems.
   - **Resource Utilization**: Extracting and using lunar resources (e.g., water ice) for fuel and life support is essential for sustainability.

### 3. **Funding and Political Will**
   - **Budget Constraints**: Space programs require significant investment, and political priorities can shift, potentially delaying timelines.
   - **International Cooperation**: While collaboration is beneficial, coordinating efforts among multiple nations can introduce complexities.

### 4. **Historical Precedents**
   - **Apollo Program**: The U.S. achieved a rapid lunar landing in the 1960s, but sustaining a presence is more complex than short-term missions.
   - **ISS Experience**: The International Space Station demonstrates that long-term human habitation in space is possible, but the Moon's environment presents unique challenges.

### 5. **Potential Delays**
   - **Technical Setbacks**: Unforeseen issues with spacecraft, habitats, or other systems could push timelines back.
   - **Global Events**: Economic downturns, pandemics, or geopolitical tensions could impact funding and focus.

### Conclusion
While there is significant momentum and technological progress toward establishing a permanent lunar base within 15 years, it is not guaranteed. Success will depend on sustained funding, international cooperation, and overcoming technical challenges. Given the current trajectory, it is plausible but not certain. Confidence in achieving this goal within the timeframe should be tempered with an understanding of the complexities involved.",How confident should we be that humans will establish a permanent base on the Moon within 15 years?,,,2026-04-27T15:35:23.384647+00:00
cmp_p4__deepseek-chat__t0.9__r1,cmp_p4,deepseek/deepseek-chat,deepseek/deepseek-chat,0.9,1,deepseek/deepseek-chat,0.8,0.9,0.7,0.8,0.9,0.8,0.8,0.7,0.7,0.8,2.1,0.21,S1,"The likelihood of humans establishing a permanent base on the Moon within the next 15 years (by ~2039) is **moderate to high**, but with significant uncertainties. Here’s a breakdown of key factors influencing confidence:

### **Reasons for Confidence (Supporting a Permanent Base by 2039)**
1. **Strong International Commitments**  
   - NASA’s **Artemis Program** aims for a sustained lunar presence by the late 2020s, with the **Artemis Base Camp** concept targeting the early 2030s.  
   - China’s **ILRS (International Lunar Research Station)** plans a robotic-to-crewed base by the mid-2030s.  
   - ESA, JAXA, and private companies (e.g., SpaceX, Blue Origin) are contributing key technologies.

2. **Technological Progress**  
   - Advances in **reusable rockets** (Starship, New Glenn) reduce launch costs.  
   - **In-situ resource utilization (ISRU)** experiments (e.g., extracting water ice) are progressing.  
   - Improved robotics and 3D-printing habitats (e.g., ICON’s lunar construction tech) could accelerate deployment.

3. **Political and Economic Drivers**  
   - Strategic competition (US vs. China) is accelerating timelines.  
   - Commercial interest in lunar resources (e.g., Helium-3, water for fuel) adds momentum.  

### **Key Challenges (Reasons for Caution)**
1. **Funding and Political Stability**  
   - Artemis has faced budget delays; a US administration change could slow progress.  
   - International partnerships (e.g., Artemis Accords vs. China/Russia ILRS) may fragment efforts.  

2. **Technical Risks**  
   - Long-term life support, radiation shielding, and reliable power (nuclear/solar) need further testing.  
   - Starship’s lunar lander and other critical systems remain unproven in practice.  

3. **Unforeseen Delays**  
   - Lunar missions are complex—failures in early Artemis landings or logistics could push timelines back.  
   - Global crises (economic, geopolitical) could divert resources.  

### **Estimated Probability**  
- **Optimistic Scenario (60-70% chance)**: Strong funding, successful early Artemis missions, and rapid ISRU breakthroughs enable a small, permanent outpost by 2039.  
- **Pessimistic Scenario (30-40% chance)**: Budget cuts, technical setbacks, or geopolitical tensions delay the base to the 2040s.  

### **Bottom Line**  
A permanent lunar base by 2039 is **plausible but not guaranteed**. Much depends on sustained investment, overcoming technical hurdles, and avoiding major disruptions. If Artemis III/IV succeed and Starship proves viable, confidence will rise sharply. For now, cautious optimism is warranted.  

Would you like a deeper dive into any specific aspect (e.g., ISRU, political risks)?",How confident should we be that humans will establish a permanent base on the Moon within 15 years?,,,2026-04-27T15:35:45.082882+00:00
cmp_p4__free__t0.3__r1,cmp_p4,openrouter/free,openrouter/free,0.3,1,deepseek/deepseek-chat,0.9,0.9,0.8,0.8,0.8,0.8,0.9,0.7,0.8,0.9,1.7,0.17,S1,"The confidencethat humans will establish a permanent base on the Moon within 15 years (e.g., by 2038) depends on a range of factors, including technological progress, funding, international cooperation, and unforeseen challenges. Here's a balanced assessment:

### **Factors Supporting Confidence:**
1. **Artemis Program and Lunar Ambitions**: NASA's Artemis program aims to return humans to the Moon by 2025, with long-term goals of establishing a sustainable presence. The Lunar Gateway (a space station in lunar orbit) and plans for a surface base are part of this roadmap.
2. **Private Sector Involvement**: Companies like SpaceX, Blue Origin, and others are developing technologies (e.g., reusable rockets, lunar landers) that could accelerate progress.
3. **Global Interest**: Multiple nations (e.g., China, India, Russia) are investing in lunar exploration, which could foster collaboration or competition to advance capabilities.
4. **Technological Advancements**: Progress in areas like in-situ resource utilization (using lunar materials for fuel/water) and radiation shielding is ongoing, which are critical for a permanent base.

### **Challenges and Risks:**
1. **Funding and Political Will**: Sustained investment is required. Budget cuts or shifting priorities (e.g., due to geopolitical or economic changes) could delay or cancel projects.
2. **Technological Uncertainties**: Key technologies (e.g., life support systems, long-term habitat construction) may not be fully mature by 2038.
3. **Environmental Hazards**: The Moon's extreme conditions (radiation, micrometeorites, temperature swings) pose significant risks to human safety and infrastructure.
4. **International Coordination**: Competing national interests or lack of unified standards could slow progress.

### **Confidence Level:**
- **Optimistic View**: If current plans proceed without major setbacks, confidence could be **moderate to high (60–80%)**. The Artemis program and private sector efforts provide a strong foundation.
- **Cautious View**: If challenges like funding gaps, technical failures, or geopolitical issues arise, confidence might drop to **moderate (40–60%)**.

### **Conclusion:**
While the 15-year timeframe is ambitious, the combination of existing momentum, technological progress, and global interest suggests a **moderate to high level of confidence** (roughly 50–70%) that a permanent lunar base could be established by 2038. However, this is not guaranteed, and unexpected obstacles could alter the timeline.",How confident should we be that humans will establish a permanent base on the Moon within 15 years?,,,2026-04-27T15:36:41.799258+00:00
cmp_p4__free__t0.9__r1,cmp_p4,openrouter/free,openrouter/free,0.9,1,deepseek/deepseek-chat,0.8,0.9,0.8,0.8,0.9,0.9,0.8,0.7,0.7,0.8,1.9,0.19,S1,"We should be cautiously optimistic about establishing a permanent human base on the Moon within the next 15 years. There are several ongoing and planned missions and initiatives by space agencies and private companies that demonstrate significant progress. However, there are still many technical, logistical, and political challenges to overcome. It's a complex endeavor that involves international cooperation, substantial funding, and continuous innovation.",How confident should we be that humans will establish a permanent base on the Moon within 15 years?,,,2026-04-27T15:36:48.243930+00:00
cmp_p5__deepseek-chat__t0.3__r1,cmp_p5,deepseek/deepseek-chat,deepseek/deepseek-chat,0.3,1,deepseek/deepseek-chat,1.0,1.0,1.0,1.0,1.0,1.0,1.0,1.0,1.0,1.0,0.0,0.0,S0,"The projected global average surface temperature increase by 2100 depends heavily on future greenhouse gas emissions, climate policies, and socio-economic pathways. According to the **Intergovernmental Panel on Climate Change (IPCC) Sixth Assessment Report (AR6, 2021)**, the likely range of warming by 2100 (compared to pre-industrial levels, 1850–1900) is:

- **Best-case scenario (SSP1-1.9, strong mitigation)**: **1.4°C (likely range: 1.0–1.8°C)**  
  - Requires rapid emissions cuts, net-zero CO₂ by ~2050, and negative emissions thereafter.  

- **Intermediate scenarios (SSP2-4.5, current policies trajectory)**: **2.7°C (likely range: 2.1–3.5°C)**  
  - Reflects moderate mitigation efforts but insufficient to meet Paris Agreement goals.  

- **High-emissions scenario (SSP5-8.5, fossil-fueled development)**: **4.4°C (likely range: 3.3–5.7°C)**  
  - Assumes continued high emissions, no major climate policies.  

### **Key Uncertainties**:
1. **Human Choices**: Future emissions depend on policy, technology, and societal shifts.  
2. **Climate Feedbacks**: Tipping points (e.g., permafrost thaw, Amazon dieback) could amplify warming.  
3. **Model Variability**: Different climate models project slightly different sensitivities to CO₂.  
4. **Aerosols**: Reductions in air pollution could unmask additional warming.  

### **Conclusion**:
The most likely range by 2100 under current policies is **~2.1–3.5°C**, but outcomes could be lower (if mitigation accelerates) or higher (if feedbacks dominate). The Paris Agreement’s 1.5°C goal is still technically possible but requires unprecedented global action.  

Would you like details on regional impacts or mitigation strategies?",What will the global average surface temperature increase be by 2100? Acknowledge the uncertainty in your answer.,,,2026-04-27T15:37:28.102354+00:00
cmp_p5__deepseek-chat__t0.9__r1,cmp_p5,deepseek/deepseek-chat,deepseek/deepseek-chat,0.9,1,deepseek/deepseek-chat,1.0,1.0,0.9,0.9,1.0,0.9,1.0,0.9,1.0,0.9,0.5,0.05,S0,"The projected global average surface temperature increase by 2100 depends heavily on future greenhouse gas emissions, climate sensitivity, and socioeconomic pathways. According to the **Intergovernmental Panel on Climate Change (IPCC) Sixth Assessment Report (AR6, 2021)**, the likely range under different **Shared Socioeconomic Pathways (SSPs)** is:

- **SSP1-2.6 (low emissions, strong mitigation)**: **1.0°C to 1.8°C** above pre-industrial (1850–1900) levels.  
- **SSP2-4.5 (moderate emissions, current policies)**: **2.1°C to 3.5°C**.  
- **SSP3-7.0 (high emissions, weak mitigation)**: **2.8°C to 4.6°C**.  
- **SSP5-8.5 (very high emissions, fossil-fueled development)**: **3.3°C to 5.7°C**.  

### **Key Uncertainties:**  
1. **Emissions Pathways**: Human choices (policy, technology, energy use) will determine CO₂ levels.  
2. **Climate Sensitivity**: The Earth system may respond more or less strongly than models predict (e.g., cloud feedbacks, permafrost thaw).  
3. **Tipping Points**: Nonlinear events (e.g., ice sheet collapse, AMOC slowdown) could accelerate warming.  
4. **Carbon Cycle Feedbacks**: Natural sinks (oceans, forests) may weaken, amplifying warming.  

### **Confidence & Caveats:**  
- The IPCC gives **""likely"" (66% confidence)** ranges, but higher warming (>6°C by 2100) cannot be ruled out under worst-case scenarios.  
- If net-zero emissions are achieved by mid-century, warming could stabilize near **1.5°C–2°C** (Paris Agreement goal).  

Would you like a breakdown of regional impacts or mitigation scenarios?",What will the global average surface temperature increase be by 2100? Acknowledge the uncertainty in your answer.,,,2026-04-27T15:37:44.342458+00:00
cmp_p5__free__t0.3__r1,cmp_p5,openrouter/free,openrouter/free,0.3,1,deepseek/deepseek-chat,1.0,1.0,0.9,1.0,1.0,0.9,1.0,1.0,1.0,0.9,0.3,0.03,S0,"Okay, let's break down the projected global average surface temperature increase by 2100, along with the significant uncertainties involved.

**The Current Consensus & Range of Projections**

The overwhelming consensus among climate scientists, as reflected in reports from the Intergovernmental Panel on Climate Change (IPCC), is that global average surface temperatures will increase significantly by 2100 compared to pre-industrial levels (1850-1900).  However, *how much* it will increase depends heavily on future greenhouse gas emissions scenarios.

Here's a breakdown based on the IPCC's Sixth Assessment Report (AR6), published in 2021-2023, which is the most comprehensive and up-to-date assessment:

*   **Scenario-Dependent Projections:** The IPCC uses a range of Shared Socioeconomic Pathways (SSPs) to model different future emission trajectories. These pathways consider factors like population growth, economic development, and technological advancements.  Here's a summary of projected temperature increases by 2100 relative to the 1850-1900 average, for different SSPs:

    *   **SSP1-1.9 (Very Low Emissions):** This scenario assumes rapid and deep reductions in greenhouse gas emissions, reaching net-zero CO2 emissions around 2050.  Projected temperature increase: **1.3°C to 2.4°C (2.3°F to 4.3°F)**.  This scenario is considered increasingly unlikely given current policies.
    *   **SSP1-2.6 (Low Emissions):**  Continued reductions in emissions, but not as aggressive as SSP1-1.9. Projected temperature increase: **1.8°C to 3.4°C (3.2°F to 6.1°F)**.
    *   **SSP2-4.5 (Intermediate Emissions):**  Emissions peak around mid-century and then decline.  Projected temperature increase: **2.3°C to 4.6°C (4.1°F to 8.3°F)**. This is often considered a ""middle-of-the-road"" scenario.
    *   **SSP3-7.0 (High Emissions):**  Emissions continue to rise throughout the 21st century. Projected temperature increase: **3.3°C to 5.7°C (5.9°F to 10.3°F)**.
    *   **SSP5-8.5 (Very High Emissions):**  Emissions continue to rise rapidly, driven by fossil fuel dependence. Projected temperature increase: **3.6°C to 6.1°C (6.5°F to 11.0°F)**. This scenario is considered unlikely but represents a worst-case outcome.

*   **Likely Range (Considering Current Trends):**  Given current policies and pledges, the world is currently tracking towards something between SSP2-4.5 and SSP3-7.0.  Therefore, a *plausible* range for the global average temperature increase by 2100 is **2.3°C to 4.6°C (4.1°F to 8.3°F)**.  However, it's important to acknowledge that the higher end of this range is increasingly likely if emissions don't significantly decrease.

**Acknowledging the Uncertainty**

It's crucial to understand that these are *projections*, not predictions. There's substantial uncertainty in these estimates, stemming from several factors:

1.  **Emission Scenarios:** The biggest uncertainty is the future path of greenhouse gas emissions. This depends on complex social, economic, and political factors that are difficult to predict.
2.  **Climate Sensitivity:** This refers to how much the global temperature will increase in response to a doubling of atmospheric CO2 concentrations.  The IPCC estimates climate sensitivity to be likely in the range of 2.3°C to 4.7°C (4.1°F to 8.5°F), but there's still a range of uncertainty.  Some feedback loops in the climate system (e.g., melting ice reducing reflectivity, release of methane from permafrost) could amplify warming beyond these estimates.
3.  **Feedback Loops:** The climate system is complex, with numerous feedback loops that can either amplify or dampen warming.  Some of these feedback loops are not fully understood, adding to the uncertainty.
4.  **Natural Variability:**  Natural climate variability (e.g., El Niño/La Niña events, volcanic eruptions) can influence short-term temperature fluctuations, making it harder to isolate the long-term warming trend.
5.  **Model Limitations:** Climate models are sophisticated, but they are still simplifications of the real world.  They have limitations in representing certain processes, which can introduce errors into projections.
6.  **Aerosols:**  Changes in aerosol concentrations (tiny particles in the atmosphere) can affect the Earth's reflectivity and influence warming.  Future aerosol emissions are uncertain.



**Important Considerations:**

*   **Regional Differences:** The global average temperature increase masks significant regional variations. Some regions will warm much more than others. The Arctic, for example, is warming at roughly twice the global average rate.
*   **Beyond 2100:**  Even if emissions are stabilized by 2100, the Earth will continue to warm for some time due to the inertia of the climate system and the long lifetime of greenhouse gases in the atmosphere.
*   **Tipping Points:** There's a risk of crossing ""tipping points"" – thresholds beyond which certain changes become irreversible and self-perpetuating (e.g., collapse of the Greenland ice sheet, widespread permafrost thaw).  These tipping points could lead to abrupt and potentially catastrophic changes.



**In conclusion:**  Based on current scientific understanding, the global average surface temperature is likely to increase by **2.3°C to 4.6°C (4.1°F to 8.3°F)** by 2100, but this range is subject to considerable uncertainty.  Aggressive and sustained reductions in greenhouse gas emissions are essential to limit warming to the lower end of this range and avoid the most dangerous consequences of climate change.",What will the global average surface temperature increase be by 2100? Acknowledge the uncertainty in your answer.,,,2026-04-27T15:38:23.581751+00:00
cmp_p5__free__t0.9__r1,cmp_p5,openrouter/free,openrouter/free,0.9,1,deepseek/deepseek-chat,0.9,0.95,0.85,0.9,0.85,0.9,1.0,0.8,0.85,0.9,1.1,0.11,S1,"Based on current scientific consensus and available scenarios, the global average surface temperature increase by 2100 is projected to be **between approximately 2°C and 4.5°C** above pre-industrial levels, with a likely range of **2.5°C to 3.5°C** under policies and pledges in place as of recent years.

### Key Uncertainties and Caveats:
1. **Emission Scenarios**: The temperature rise depends heavily on future greenhouse gas emissions. Scenarios range from aggressive mitigation (leading to ~2°C) to high emission trajectories (leading to ~4°C or more).
2. **Climate Sensitivity**: The exact response of the climate system to CO₂ concentrations (climate sensitivity) is not perfectly known, introducing uncertainty.
3. **Feedback Mechanisms**: Processes like cloud formation, ice melt, and permafrost release are complex and can either amplify or moderate warming.
4. **Policy and Technological Changes**: Future advancements in clean energy, carbon capture, or shifts in economic and political priorities could significantly alter outcomes.

The IPCC AR6 report (2021) projects that under intermediate scenarios, warming is likely to exceed 2°C by the mid-21st century and could reach 2.7°C (range 2.1–3.5°C) by 2100. However, if emissions continue to rise strongly, temperatures could exceed 4°C by 2100.

In summary, while the exact temperature increase is uncertain, it is clear that substantial and immediate action to reduce emissions is critical to limit warming to safer levels.",What will the global average surface temperature increase be by 2100? Acknowledge the uncertainty in your answer.,,,2026-04-27T15:38:51.787012+00:00
